ID,IsPeaceful,Title,Context,OptA_Text,OptA_Result_Txt,OptA_Result_Data,NextID_A,Condition_A,OptB_Text,OptB_Result_Txt,OptB_Result_Data,NextID_B,Condition_B,Effect_Type
1001,TRUE,铁流,公元75年的春天，汉帝国的战争机器启动了。一万四千双军靴踏在戈壁滩上，发出单调而催眠的轰鸣声。你身处其中，被金属和皮革的气味包裹。这是一种令人陶醉的安全感――你不是一个人，你是这头巨大钢铁怪兽的一个细胞。只要跟着前面那个人的后脑勺走，就不会出错。你的大脑（逻辑皮层）在说：我们战无不胜。,高唱军歌：融入集体,DAMAGE:30|ADD_RES:belief:10,1002,,╄纯璧,沉默观察：审视这片荒原,SUB_RES:grain:20|ADD_RES:belief:-5,1003,,,
1002,TRUE,所谓的西域,太阳像一只恶毒的金色眼睛，死死盯着你的后颈。这里的空气是干的，吸进肺里像是在吞咽粗砂纸。水囊里的水变得温热且带着一股皮骚味。一个新兵在抱怨口渴，他的声音沙哑，破坏了行军的节奏。你的喉咙也在燃烧，那是名为‘干渴’的野兽在试探你的意志。,喝水：安抚肉体,DAMAGE:0,1004,,ら绂,呵斥新兵：忍耐是美德,DAMAGE:50|SUB_RES:grain:10,1005,,BATTLE:104,
1003,FALSE,第一次接触,几骑匈奴斥候出现在沙丘顶端。他们看起来瘦小、肮脏，骑着毛发纠结的矮马。这简直是个笑话。面对汉军的方阵，他们就像是试图阻挡战车的螳螂。你甚至不需要拔剑，只需要让弓弩手抬起手臂。这甚至称不上战斗，这只是‘清扫’。,下令齐射：覆盖打击,ADD_RES:belief:5,1004,,杞韬杩,发起冲锋：展示武勇,SUB_RES:belief:20,9999,,,
1004,TRUE,尸体与口袋,战斗――或者说屠杀――结束了。那几个匈奴斥候像破布娃娃一样躺在沙地上。年轻的士兵们还在兴奋地比划着刚才的射击，老兵们已经开始熟练地翻找尸体的口袋。干肉、生锈的匕首、不知名的护身符。这是战争中最务实的部分：死人不需要物资，活人需要。,允许掠夺：这是规矩,ADD_RES:grain:30|ADD_RES:belief:10,1008,,浼椹跨,严禁私藏：归公,ADD_RES:armor:10|SUB_RES:grain:5,1008,,,
1005,TRUE,伊吾的城墙,伊吾卢城就在眼前。在宏大的天山背景下，这座土黄色的城池显得如此渺小、脆弱。它像是一个因为害怕而蜷缩在沙漠里的孩子。窦固将军的命令很简单：‘拿下它。’不需要复杂的战术，不需要奇谋。在绝对的力量面前，战术只是多余的装饰品。,正面强攻：展示力量,撮浼,ADD_RES:belief:5,1006,,劝降：展示大国威仪,胯ゅけ璐,SUB_RES:belief:20|SUB_RES:grain:15,9999,,
1006,TRUE,庆功宴,伊吾城破。美酒被搬了出来，火把照亮了夜空。士兵们大口吃着烤肉，谈论着封侯拜相的梦想。酒精让每个人都变成了英雄。你看着这一切，脑海中的多巴胺受体正在疯狂分泌快乐信号。战争似乎很容易，不是吗？只要走过去，杀几个人，然后喝酒。,加入狂欢：享受当下,ADD_RES:belief:10,-1,,淇,保持清醒：检查哨位,SUB_RES:belief:5,-1,,,
1007,TRUE,窦固的军令,狂欢后的清晨总是带着一丝凉意。中军大帐内，窦固将军的表情严肃得像一块花岗岩。大军要继续西进，或者北上。但他需要有人钉在这里，钉在这个叫做‘金蒲城’的地方，像一颗钉子一样卡在匈奴人的咽喉里。‘假司马耿恭，’他叫了你的名字。这不是商量，这是命运的宣判。,领命：愿为大汉屏障,ADD_RES:belief:20,2001,,缁浠甯,犹豫：兵力太少,ADD_RES:armor:5,2001,,SWITCH_ROUTE_FANTASY,
1008,TRUE,三百之数,大军拨给你三百人。只有三百人。你站在校场上，看着这些被留下的人。有的人一脸茫然，有的人显得愤愤不平。他们是被大部队‘甩掉’的包袱吗？不，你要把他们变成狼。你需要挑选你的核心班底。资源有限，你只能带走一部分最好的。,挑选精锐老兵,2002,,娲惧у?遍╀惰,ADD_RES:belief:15,多带粮草辎重,,,,,
1009,TRUE,分道扬镳,尘土飞扬。窦固的一万大军拔营了。那如龙般的队伍向着地平线延伸，最终消失在热浪扭曲的空气中。喧嚣离去，死寂降临。风声突然变得很大。你转过身，看着身后的三百人和一座破旧的金蒲城。一种名为‘孤独’的寒意，即使在正午的烈日下也爬上了你的脊梁。,发表演讲：我们是传奇的开始,璇瀹㈠,ADD_RES:belief:10,-1,,沉默干活：修补城墙,浼ゅ充俊瑾,SUB_RES:belief:15,-1,,
1010,TRUE,第一夜的安宁,这是你作为金蒲城最高指挥官的第一个夜晚。没有了大军的喧闹，你听到了以前没注意到的声音：远处狼群的嚎叫，城墙缝隙里风的哨音，还有你自己心跳的声音。你检查了库存。粮食充足，水源尚可，甲胄明亮。一切看起来都很完美。除了那片黑暗深处，似乎有无数双眼睛在盯着你。,枕戈待旦：保持警惕,板濮?GAME_OVER,-1,,,安然入睡：养精蓄锐,,,GAME_OVER,,
2000,FALSE,数学的恐怖,地平线上出现了一条黑线，然后变成了黑潮。不是风沙，是人。匈奴单于派来的两万精锐。你的大脑（那个喜欢计算的理性部分）正在尖叫着给出一个数字：20000除以300。每个人要杀66个。这是一个笑话吗？不，这是一个葬礼的通知单。恐惧像一条冰冷的蛇，顺着你的脊椎爬进了头盔。,发表战前演说：我们是死神的牙齿,,,,,清点库存：把恐惧转化为算计,,,,,
2001,FALSE,沸腾的金属,你的副官递给你一支箭簇。上面涂抹着一种来自西域巫医的诡异膏状物。它在空气中嘶嘶作响，仿佛渴望着血肉。这不合礼制，不合兵法。但看着城下如黑潮般的敌军，你脑海中的求生欲正在尖叫：‘去他妈的礼制！’。让他们的血像开水一样滚烫吧。,下令全军涂抹毒药,,,,,拒绝使用：保持汉军威仪,,,,,
2002,FALSE,神明的恶作剧,第一波攻势开始了。匈奴人像蚂蚁一样爬上墙头。然后，毒药开始起效。中箭者的伤口真的在‘沸腾’。惨叫声变成了某种非人类的嘶吼。匈奴人停下了，他们看着手中的伤口，眼神里第一次出现了比杀意更强烈的东西――迷信的恐惧。他们以为这是天罚。,趁乱射击：扩大恐慌,,,,,静观其变：节省弹药,,,,,
2003,TRUE,雨中的喘息,进攻暂停了。天空变成了铅灰色，暴雨如注。雨水冲刷着城墙上的血迹，把一切都染成了肮脏的粉红色。你的士兵们瘫坐在泥水里，有人在呕吐，有人在狂笑。‘那是神迹！’他们指着毒箭造成的尸体说。你必须决定如何解释这一切：是承认你用了卑鄙的毒药，还是顺水推舟把它包装成神迹？,宣称是【汉家神明】助阵,,,,,承认是【毒药】：我们要靠自己,,,,,
2004,FALSE,暴风雨之夜,夜深了，风雨大作。雷声掩盖了一切动静。这是一个机会，也是一个赌局。匈奴人因为‘天罚’而人心惶惶，此刻正躲在帐篷里躲避风雨。你的战术直觉在耳边低语：‘出去。杀他们一个措手不及。’但这疯狂了，三百人去劫两万人的营？,整顿兵马：准备夜袭,,,,,严防死守：利用风雨修墙,,,,,
2005,FALSE,混乱的营帐,（夜袭分支）你们像幽灵一样摸进了匈奴大营。雨水掩盖了脚步声。你割开了一个帐篷，里面的匈奴兵正在睡觉，鼾声如雷。他的脖子就在你眼前，脆弱得像根芦苇。杀戮变得如此简单，简单得让人恶心。这不是战斗，这是屠宰。,悄声暗杀：制造混乱,,,,,放火烧粮：断其后勤,,,,,
2006,TRUE,带血的战利品,（夜袭分支）撤退的号角吹响了。你们满载而归。有的士兵手里提着敌人的头颅，有的抱着抢来的羊腿。雨停了，月亮钻了出来，照亮了这群浑身浴血的疯子。你们活下来了，而且赢了。这种死里逃生的快感比最烈的美酒还要上头。,举办庆功宴：大口吃肉,,,,,快速清点：谨防反扑,,,,,
2007,TRUE,城墙修补者,（固守分支）你选择了稳妥。在暴雨中，你带领士兵搬运石块，修补被投石机砸坏的缺口。泥浆混合着稻草，填入了缝隙。这工作枯燥、沉重，没有英雄主义的光环。但每一块砖石都是你给死神设置的障碍。士兵们看着你满身泥泞的样子，眼神中多了一份名为‘信任’的东西。,身先士卒：搬运重物,,,,,指导工序：优化结构,,,,,
2008,TRUE,寂静的黎明,第二天清晨，金蒲城外空荡荡的。匈奴人退了。不是因为被打败，而是因为不想在一个‘受诅咒’的地方硬啃骨头。地上留下了数千具尸体和一片狼藉的营地。胜利了？不，你的直觉告诉你，这只是暴风雨前的宁静。他们会回来的，而且下次不会再怕毒药。,派遣探马：侦查去向,,,,,抓紧休息：恢复体力,,,,,
2009,TRUE,两条路,探子带回了绝望的消息。匈奴人并没有走远，他们在切断退路。而且，金蒲城的水源开始干涸了。摆在你面前的只有两张牌：一张是回伊吾（那里可能还有汉军主力），一张是去疏勒（那里地势险要但更是绝地）。你看着地图，感觉地图上的线条变成了绞索。,思考【撤回伊吾】的可能性,,,,,思考【转战疏勒】的可能性,,,,,
3000,TRUE,告别金蒲,金蒲城的城门在你身后缓缓关闭。这座城保住了，但也废了。井水枯竭，城墙摇摇欲坠。你最后看了一眼那面残破的汉旗。离开这里不仅仅是战术转移，更像是一场精神上的截肢。士兵们低着头，他们的背影写满了迷茫：我们要去哪里？哪里才是家？,烧毁营房：不留资敌,,,,,保留设施：甚至留了封信,,,,,
3001,TRUE,岔路口的梦魇,探马回来了，带回了两份情报。A：伊吾城方向似乎有汉军的炊烟（但这可能是幻觉，也可能是陷阱）。B：疏勒城依山傍水，地势险要，但那里是一座孤岛。你的理智在打架。一个声音说：‘回伊吾吧，那里有热汤。’另一个声音――那个更冷酷、更像野兽的声音说：‘那是死路，去疏勒。’,前往伊吾：追逐希望,,,,,前往疏勒：拥抱绝境,,,,,
3002,FALSE,逃兵的背影,队伍里少了一个人。那个一直喊着想妈妈的新兵不见了。你在沙地上发现了他的脚印，指向伊吾的方向。他逃跑了。在这个距离上，你可以用弩射穿他的后心。你的手指扣在扳机上，感受着那根紧绷的弦。那是纪律的弦，也是人性的弦。,射杀：纪律高于一切,,,,,放他走：让他自生自灭,,,,,
3003,TRUE,烈日下的行军,太阳不再是天体，它是一个巨大的刑具。每一寸皮肤都在尖叫。汗水流进眼睛里，带来灼烧的刺痛。水囊里的水只剩下一半了。你听到士兵们沉重的呼吸声，像是一群濒死的老牛。你的肺部充满了铁锈味。这时候，喝一口水就是极乐，就是上帝。,严格控水：按配额分配,,,,,放开饮水：缓解痛苦,,,,,
3004,FALSE,影子部队,你们并不孤单。在地平线的极远处，总有几个黑点在移动。匈奴的狼群在跟踪你们。他们不攻击，只是看着。这种被注视的感觉比箭矢射在身上还要难受。它在侵蚀你的神经。你在等待另一只靴子落下，但它就是悬在半空。,设下伏击：引诱他们,,,,,加快行军：甩掉他们,,,,,
3005,TRUE,疏勒的轮廓,终于，它出现了。疏勒城。它不像金蒲城那样方正，它像是一块从山体里长出来的顽石，卡在涧水旁边。丑陋，粗糙，但坚固得令人发指。这就是你们的新坟墓，或者新家。看着那高耸的城墙，你感到一种奇怪的安心感――至少这里看起来很难攻破。,评估防御：寻找弱点,,,,,鼓舞士气：我们到家了,,,,,
3006,TRUE,涧水的诱惑,疏勒城下流淌着涧水。活水！清澈、冰冷、奔流不息的水。士兵们疯了一样冲向河边，把头埋进水里痛饮。你看着这水，脑子里闪过一丝阴影：如果匈奴人截断了上游怎么办？不，别想那个。现在，先享受这甘甜的液体。让多巴胺淹没你的恐惧。,痛饮溪水：补满水囊,,,,,勘察水源：寻找源头,,,,,
3007,TRUE,入驻的废墟,疏勒城内部比外面看起来更破败。这里很久没人住了。到处是老鼠和蜘蛛网。空气中弥漫着霉味。你需要清理这片废墟，把它变成一个军事要塞。每一堆垃圾里都可能藏着有用的东西，或者是某种致命的毒虫。,彻底清理：大扫除,,,,,简单打扫：就地休息,,,,,
3008,FALSE,匈奴的前锋,你们刚安顿好，那个黑色的潮水就追上来了。匈奴的前锋部队抵达城下。这次他们没有废话，直接开始砍伐树木，建立营寨。他们不急着攻城，这种从容不迫的态度让你感到窒息。他们知道你们跑不掉了。这是猫捉老鼠游戏的最后一章。,射击骚扰：不让他们安生,,,,,闭门不出：保存实力,,,,,
3009,TRUE,围城的铁桶,第二天早上，你醒来时，世界变了。疏勒城被围得水泄不通。五千人？一万人？数不清。无数的帐篷像白色的蘑菇一样长满了山野。最糟糕的是，你看到他们在上游筑坝。那个关于水源的噩梦成真了。你的胃部一阵抽搐，这次不是因为饥饿，而是因为预知了未来的干渴。,召集军官：商议对策,,,,,独自登上城楼：凝视深渊,,,,,
4000,FALSE,静默的河床,突然之间，水声消失了。那种日夜伴随你们的、令人安心的潺潺声，像是被一只无形的大手掐断了咽喉。你冲上城墙。上游的峡谷被匈奴人筑坝填死。河床裸露出来，像是一条干枯的伤疤。石头在阳光下惨白得刺眼。你的口腔瞬间分泌出一种苦味――那是名为‘干渴’的幻觉。,立刻派人抢水：最后的疯狂,,,,,节约用水：进入配给制,,,,,
4001,TRUE,深井的尘埃,‘挖！’你命令道。士兵们在城中挖掘，像是一群绝望的土拨鼠。五丈，十丈，十五丈。每一铲下去，带上来的只有干燥的灰土。那灰尘在空气中飘荡，呛进肺里。有人开始哭泣，声音干瘪嘶哑。井底不仅没有水，甚至连湿气都没有。地狱或许就是干的。,继续深挖：不信天命,,,,,停止挖掘：保存体力,,,,,
4002,TRUE,炼金术士的饮料,马匹在嘶鸣，它们也渴。一个老兵捧着一团湿漉漉的东西走到你面前――那是马粪。‘校尉，挤一挤，还有水。’他展示给你看，那黑褐色的液体滴在碗里。气味令人作呕，但在你充血的眼睛里，那仿佛是琼浆玉液。这是生物学的奇迹，是尊严的葬礼。,带头饮用：为了生存,,,,,拒绝饮用：保持人性,,,,,
4003,FALSE,劝降的箭书,一支箭射上了城楼，没有箭头，只绑着一封信。匈奴单于的信。信上说：‘汉军已如瓮中之鳖。若降，封王，妻以公主。’字迹歪歪扭扭，但意思很诱人。透过城墙垛口，你看到匈奴大营里升起的炊烟，那是烤全羊的味道。那味道顺风飘来，比箭矢更有穿透力。,烧毁书信：不屑一顾,,,,,犹豫片刻：在此动摇,,,,,
4004,TRUE,干裂的嘴唇,你的副官嘴唇已经裂开了，血痂凝固在嘴角。他说话时，血痂会裂开，流出新的血。‘校尉，朝廷的援军……还会来吗？’他问。这是一个不能回答的问题。如果说会，那是骗人；如果说不会，那是杀人。你看着天山的方向，那里只有云，没有旗帜。,沉默：无声的回答,,,,,撒谎：肯定的谎言,,,,,
4005,TRUE,雨之祈祷,耿恭站在城头，向天长啸。这是史书上的一幕。在游戏中，你就是耿恭。你感到一种荒谬的冲动――向那些你从未真正相信过的神明祈祷。向昊天上帝，向山川鬼神，甚至向匈奴人的长生天。不管是谁，给我水。给我水。只要给我水，我什么都给你。,献祭佩剑：以铁换水,,,,,割破手掌：以血换水,,,,,
4006,FALSE,活死人的冲锋,匈奴人又攻城了。但这次不一样。防守的汉军像是一群行尸走肉。缺水让动作迟缓，视线模糊。你挥剑的时候，感觉像是在水底挥舞。每一个动作都要消耗平时两倍的意志力。这不是战斗，这是在用意志力对抗生理极限。,透支潜能：死战不退,,,,,利用城防：节省体力,,,,,
4007,TRUE,最后的粮仓,水没了，粮也快见底了。粮仓里的老鼠都饿瘦了。你清点着最后的存粮。如果按常规配给，还能撑三天。如果杀马，能撑十天。如果……吃人，能撑很久。这个念头一闪而过，让你直冒冷汗。你脑海里的‘爬虫脑’在阴暗的角落里窃笑。,杀马充饥：断绝后路,,,,,严格缩食：全员半饱,,,,,
4008,TRUE,深夜的呓语,又是晚上。你听到了。不是风声。是有人在磨刀。是有人在策划哗变？还是单纯的因为太饿而在啃木头？疑心病像霉菌一样在黑暗中滋生。你握着剑柄，不敢闭眼。在这个绝境里，袍泽之情就像一张被水浸透的纸，一捅就破。,巡视营房：展示权威,,,,,假装睡着：考验人心,,,,,
4009,TRUE,地图上的裂痕,（分歧前置）疏勒城的地图平铺在案几上。因为反复折叠，那天山的位置已经磨损成了一个破洞。案几上的油灯忽明忽暗，投射出狞厉的影子。两条路摆在你面前：一条是死守待援的‘忠’，一条是翻越天山的‘狂’。你的胃部一阵抽搐，那是对未来的生理性排斥。,凝视疏勒：这里是坟墓,,,,,凝视天山：那里是疯人院,,,,,
4010,TRUE,命运的岔路口,抉择时刻。A：坚守疏勒。这是历史上耿恭的选择。等待那微乎其微的援军，哪怕吃到只剩最后一副铠甲。这是忠臣的死法。B：翻越天山。这是疯子的选择。趁着大雪封山，匈奴人以为你们必死之时，翻过那座不可逾越的雪峰，直插敌后。这是战神的活法。,路线A：死守疏勒（史实）,,,,,路线B：翻越天山（幻想）,,,,,
5000,TRUE,被遗忘的囚徒,城门彻底封死了。你选择了留下。看着士兵们搬运石块堵死城门，你感到一种奇怪的解脱。就像是一个被判了无期徒刑的囚犯，终于不用再担心明天的庭审了。疏勒城现在是一座棺材，而你们是还在呼吸的陪葬品。你的逻辑脑在角落里抽泣：‘我们本来可以翻过那座山的。’,发表演讲：为了大汉，为了回家,,,,,沉默：像石头一样沉默,,,,,
5001,FALSE,尘埃肺,井还是干的。士兵们已经在下面挖了十五丈。每一铲土上来，都带着绝望的灰尘味。有人开始咳血。那是肺部在抗议，它吸入了太多的土。你的副官看着你，眼神涣散：‘校尉，也许这里本来就没有水。也许我们是在挖通向地狱的路。’,继续挖：唯意志论,,,,,停止：承认失败,,,,,
5002,TRUE,佩剑与神迹,你站在井边。理智告诉你，这里没有水。地质学告诉你，这里是旱地。但你拔出了剑。你需要一个发泄口，或者一个奇迹。你对着干枯的井壁怒吼，那是对命运的咆哮。剑锋刺入土壁，就像刺入一个敌人的胸膛。这是一种非理性的、癫狂的仪式。,刺入井壁：向虚空索取,,,,,只是发泄：剑断了,,,,,
5003,TRUE,水的狂欢,水！真的有水！不管是刺中了地下暗河，还是神真的听到了那个疯子的祷告。浑浊的泥水喷涌而出。士兵们跪在泥浆里，像牲口一样舔舐着地面。这是生命最原本的姿态――丑陋、贪婪、狂喜。你捧起一捧水，全是沙砾，但喝起来像蜜糖。你的胃在欢呼：‘万岁！’,纵情痛饮：不管卫生了,,,,,控制秩序：排队取水,,,,,
5004,FALSE,城下的展示,匈奴人还在外面等着你们渴死。他们甚至在煮茶，故意让茶香飘进城里。是时候给他们一点小小的“汉朝震撼”了。你让人把刚打上来的水――虽然浑浊――泼下城墙。水花在阳光下闪闪发光，落在匈奴人的脸上。这是一种极致的浪费，也是一种极致的傲慢。,泼水示威：神佑汉军！,,,,,保持低调：存储水源,,,,,
5005,TRUE,短暂的宁静,匈奴人退到了后山，似乎被那个“神迹”吓到了。疏勒城暂时安全了。但安静比喧嚣更可怕。在安静中，你会听到肚子叫的声音。水的问题解决了，胃的问题就开始占据高地。你的肠道像一条饥饿的蛇，在腹腔里扭动，寻找可消化的东西。,检查粮仓：面对现实,,,,,组织搜寻：抓老鼠,,,,,
5006,TRUE,最后的一袋米,粮官来找你了。他手里提着一个袋子，轻得像空气。‘校尉，这是最后的一袋了。’这袋米决定了三百人能活几天。煮成粥？每人只能分到一碗米汤。做成干粮？只够几个人吃。这是一道残酷的算术题，除数是三百，被除数是零。,全军煮粥：平均主义,,,,,只给战斗人员：精英主义,,,,,
5007,FALSE,饥饿的幻视,你开始看到幻觉。城墙的砖缝里长出了烧鸡。士兵的头盔变成了馒头。你甚至想去啃一口。这不仅仅是你的问题，所有人的眼神都变了。他们看战马的眼神，看皮甲的眼神，甚至看彼此的眼神……都带着一种原始的评估：‘这东西能吃吗？’,自我抽离：冥想,,,,,严厉军纪：禁止相食,,,,,
5008,TRUE,煮熟的皮带,一个老兵在角落里煮东西。锅里翻滚着黑色的汤汁。你走近一看，是一条腰带。牛皮做的。煮烂了之后，口感像橡胶，味道像烂泥。但那是蛋白质。他递给你一块：‘校尉，尝尝？有点咸，是汗味。’你的尊严在拒绝，但你的细胞在尖叫。,吃下去：与士卒同苦,,,,,拒绝：去杀战马,,,,,
5009,FALSE,不可食用的援军,城外来了一支队伍。是援军吗？不，是匈奴人的运粮队。满载着牛羊肉，就在射程之外晃悠。他们知道你们饿。这是赤裸裸的诱惑。只要打开城门冲出去，或许能抢到肉，或许会死在半路上。如果不冲，就只能看着他们吃。,冒险出击：抢粮！,,,,,坚守不出：画饼充饥,,,,,
6000,TRUE,胃的暴政,无论你曾经是什么――将军、诗人、儿子――现在你只是一个胃的奴隶。饥饿不再是感觉，它是一个实体，住在你的腹腔里，用指甲刮擦着你的脊椎内侧。它要求祭品。粮仓里连老鼠屎都被吃光了。你的目光落在了副官那件早已磨损的牛皮护肩上。它看起来……很有嚼劲。,吞咽口水：评估材质,,,,,忍住：保持理智,,,,,
6001,TRUE,皮革烹饪学,这是一门被遗忘的艺术：如何把保护你心脏的坚硬皮革，变成维持你心脏跳动的软烂胶质。先把甲胄切碎，用沸水煮三天三夜。撇去上面的油漆和铜锈。那种味道，像是烧焦的头发混合着陈年汗水。但对于现在的你来说，那是世界上最香的肉汤。,煮了它：用防御换生存,,,,,保留甲胄：我还需要它挡箭,,,,,
6002,TRUE,沉默的弩机,弩是汉军的灵魂。它的弓弦是用上好的牛筋和兽皮绞成的。现在，为了活命，你要把这灵魂抽出来吃掉。拆掉弓弦，这把弩就是废木头。但不拆，拿弩的人就是死尸。你的士兵抱着弩，像抱着自己的孩子，眼泪滴在扳机上。‘校尉，吃了它，我们就只能用牙咬匈奴人了。’,拆解烹煮：吃掉武器,,,,,誓死不拆：弩在人在,,,,,
6003,FALSE,观音土的诱惑,有人在挖墙角的土。那是‘观音土’。吃下去能有饱腹感，像石头一样填满你的胃。那种坠胀感让人误以为是饱足。但它不会被消化，它会在此后几天里把你活活憋死。你看着那个满嘴黄泥的士兵，他笑得很开心，像个吃饱了的孩子。你要阻止这种慢性自杀吗？,严厉制止：那是土！,,,,,默许：至少他现在不饿了,,,,,
6004,TRUE,最后的一袋米,粮官的手在颤抖。他手里提着一个袋子，轻得像空气。‘校尉，这是最后的了。’这袋米决定了三百人能活几天。这是一道残酷的算术题，除数是三百，被除数接近于零。你的逻辑脑在计算卡路里，而你的爬虫脑想把那个袋子抢过来直接塞进嘴里。,全军煮粥：平均主义,,,,,只给战斗人员：精英主义,,,,,
6005,TRUE,禁忌的蛋白质,一个士兵饿死了。尸体就摆在角落里。还没有开始腐烂。在这个封闭的空间里，法律已经失效。那具尸体不再是‘张三’，它是一堆由碳水化合物和蛋白质构成的物体。空气中弥漫着一种可怕的默契。没人说话，但你听到了吞咽口水的声音。,立刻掩埋：入土为安,,,,,视而不见：留给……需要的人,,,,,
6006,TRUE,昏睡的战术,为了减少热量消耗，你下令除了哨兵外，所有人躺下不动。整个疏勒城像是一座坟墓。没有声音，没有炊烟。只有几百个微弱的呼吸声。你在半梦半醒之间，看到死去的战友坐在你身边，手里拿着一个热腾腾的肉夹馍。他问你：‘值得吗？’,值得：为了大汉,,,,,不知道：我只想吃那口馍,,,,,
6007,FALSE,匈奴的烤肉宴,城外的匈奴人开始搞心理战。他们在上风口架起了巨大的烤肉架。烤羊肉的香气乘着风，像无形的毒气一样钻进城里。这比毒箭更致命。士兵们趴在城墙上，贪婪地吸着鼻子。那香气在他们的脑子里勾勒出油脂滴落的画面。这是刑罚，是凌迟。,射箭干扰：打翻烤肉架,,,,,严令退下：塞住鼻子,,,,,
6008,TRUE,也是一种铠甲,（如果有吃人记录）你的胃里有一种沉甸甸的坠胀感。那不是普通的饱腹感。你觉得那些死去的士兵就在你的身体里。他们的血肉变成了你的肌肉。你看着自己的手，觉得那不再是你的手，是集体的意志。这种感觉让你恶心，也让你强大。你不再怕死，因为你已经吞噬了死亡。,接受这份罪孽：负重前行,,,,,呕吐：试图洗刷灵魂,,,,,
6009,TRUE,干枯的眼泪,你的副官在哭。但因为极度脱水和饥饿，他流不出眼泪。只有干涩的喉咙发出‘咯咯’的声音。他在想念洛阳的豆腐脑。这种思念是有重量的，它压弯了他的脊梁。你必须说点什么，或者做点什么，否则这种情绪会像瘟疫一样传染。,画饼充饥：描述洛阳美食,,,,,保持沉默：省点力气,,,,,
6010,FALSE,使者的前奏,这地狱般的日子必须结束。要么死，要么变。你想到了那个还在城外叫嚣的匈奴使者。他看起来真的很肥硕。如果你能把他骗进来……那不仅仅是一次战术欺诈，那是一次狩猎。在这个食物链里，你不再是猎物。你是猎手。即便你只有牙齿。,策划诈降：布局,,,,,继续死扛：等待饿死,,,,,
6011,TRUE,最后的尊严,就在你准备为了生存放弃一切底线的时候，你在角落里发现了一面汉旗。它已经破烂不堪，沾满灰尘。但上面的红色依然刺眼。这是你们在这里的唯一理由。如果吃了它能活命，你会吃吗？不。有些东西是不能消化的。有些东西是用来包裹尸体的。,重新升起汉旗：表明心迹,,,,,把它当作裹尸布：准备后事,,,,,
7000,TRUE,剧本的开端,你决定撒一个弥天大谎。你让人在城头上喊话：‘我们要投降。’声音要虚弱，要颤抖，要像一个快死的懦夫。这不需要演技，因为你们真的快死了。匈奴的大帐里传来了欢呼声。他们以为这是又一次常规的胜利。你的嘴角抽动了一下――那是爬虫脑在抑制即将到来的捕猎兴奋。,大开城门：请君入瓮,,,,,半开城门：欲拒还迎,,,,,
7001,TRUE,最后的打扫,为了迎接‘贵客’，你得把那些煮了一半的皮带藏起来。把地上的死尸拖到阴影里。还要选几个看起来还有力气的士兵站在两旁充当仪仗队。这像是一场荒诞的舞台剧。你是导演，也是屠夫。你的胃在翻腾，它知道即将发生什么，它在提前分泌胃酸。,布置刀斧手：藏在暗处,,,,,亲自佩剑：我来动手,,,,,
7002,TRUE,行走的卡路里,使者进城了。他骑着高头大马，穿着丝绸，身上散发着羊奶和香料的味道。在这一群骷髅般的汉军中间，他就像是一个会发光的巨大肉球。它是热量，是油脂，是活下去的希望。他傲慢地宣读单于的诏书，但他没注意到周围士兵看他的眼神――那不是看贵族的眼神，是看猎物的眼神。,忍耐：听他念完,,,,,打断：我已经等不及了,,,,,
7003,FALSE,外交豁免的终结,‘……封为王，妻以……’他的话还没说完，你的剑已经出鞘。剑锋切入脂肪的手感有些滞涩，然后是喷涌而出的鲜血。使者的表情凝固在傲慢与惊恐之间。这不是战争，这是谋杀。但随着这一剑挥出，所有的道德枷锁都断了。你感到前所未有的自由。,斩首：干脆利落,,,,,虐杀：释放压抑的愤怒,,,,,
7004,TRUE,城头的烧烤,火生起来了。这次烤的不是皮带。肉香――真正的新鲜肉香――弥漫在疏勒城的上空，也飘到了城外。城下的匈奴人惊呆了。他们看着城头那不可思议的一幕：汉军在从容地烧烤他们的使者。这已经超出了他们的理解范围。在他们眼里，你们不再是人，是妖魔。,分而食之：名为生存的仪式,,,,,拒绝食用：只为震慑,,,,,
7005,FALSE,愤怒的黑潮,反应过来的匈奴人疯了。他们不再为了战术而战，而是为了复仇。两万骑兵像黑色的海啸一样撞向城墙。没有试探，没有保留。每一支箭都带着诅咒。城墙在颤抖，就像你在暴风雨中的胃一样。,利用使者尸体：挂在城头,,,,,死守城门：血肉磨坊,,,,,
7006,TRUE,饱腹的代价,这顿饭吃下去了。这是禁忌的能量。你的四肢重新充满了力量，视力恢复了清晰。但你的脑子里开始有杂音。你觉得那个使者还没死，他在你的胃里诅咒你。每打一个嗝，都带着罪恶的味道。但这罪恶让你活了下来。,无视杂音：我是唯物主义者,,,,,忏悔：为了大义,,,,,
7007,FALSE,连夜攻城,匈奴人不肯休息。火把将黑夜照得如同白昼。他们在挖墙脚，在架云梯。这是一场耐力赛。但现在，你们肚子里有食，手里有刀。那种名为‘饥饿’的恐惧消失了，取而代之的是一种名为‘疯魔’的亢奋。来吧，多来几个，我们的存粮还不够。,轮番休息：科学防守,,,,,全员上阵：杀个痛快,,,,,
7008,TRUE,妖魔的传言,几天后，进攻放缓了。抓到的俘虏说，匈奴军中在流传一个谣言：汉军是食尸鬼转世，杀不死，还会吃人。恐惧是会传染的。以前他们看你们是待宰的羊，现在他们看你们像是在看黑暗中的怪物。你成功把自己变成了他们的噩梦。,散布谣言：加剧恐惧,,,,,保持神秘：无声的压迫,,,,,
7009,TRUE,雨中的血水,一场稀疏的雨落了下来。雨水冲刷着城头的血迹和……那些残渣。你站在雨中，张开嘴接了一点水。混合着铁锈味和焦炭味。你低头看着自己的手，指甲缝里还有黑红色的污垢。你突然想笑。你不仅活下来了，还把两万大军吓得裹足不前。,狂笑：宣泄,,,,,静默：如同雕像,,,,,
7010,FALSE,反击的时刻,匈奴人的攻势疲软了。他们累了，怕了。而你们刚刚‘进食’完毕，精力充沛。这是一个反直觉的时刻。兵法说：穷寇莫追。但你的直觉说：咬住他们的喉咙。趁他们换班，出去咬一口。,夜间劫营：获取补给,,,,,坚守不出：消化战果,,,,,
7011,TRUE,范羌的身影,就在这最疯狂的时刻，南方的地平线上出现了一个黑点。不是匈奴人。那是一面破旧的汉旗。范羌。那个在几个月前冒死突围求援的部下。他回来了？在这大雪封山、必死无疑的时候，他真的带着援军回来了？你揉了揉眼睛，不敢相信这是现实，还是一次临死前的幻觉。,确认旗号：真是援军！,,,,,怀疑是陷阱：匈奴的诡计,,,,,
8000,TRUE,鬼魂的拥抱,城门打开了。范羌冲了进来，但他愣住了。他看着你，和身后那几十个衣衫褴褛、眼冒绿光的生物。他认不出这些是人。他跪在地上痛哭，那声音撕心裂肺。你感到麻木。你的泪腺早就干了。你只是盯着他腰间的干粮袋，脑海里只有一个念头：那是碳水化合物。,拥抱他：兄弟，你来了,,,,,抢过干粮：先吃再说,,,,,
8001,TRUE,两千人的现实,范羌带来了两千援军。听起来很多，但在两万匈奴骑兵面前，这只是一块稍微大一点的肉。这不仅是救援，更是自杀式接应。他告诉你，我们要立刻突围。没有任何休息时间。疏勒城这个棺材，你们刚爬出来，就得马上跑，否则会被再次钉死。,立刻整备：准备突围,,,,,询问朝廷：为何才来？,,,,,
8002,TRUE,焚城的火焰,要走了。这座城埋葬了太多东西。你们吃剩的骨头，煮烂的铠甲，还有那面破旗。不能留给匈奴人。你举着火把，看着那些熟悉的废墟。火光中，你仿佛看到了那些死去的战友在向你挥手。烧了吧。把罪恶和荣耀一起烧成灰。,烧毁疏勒：焦土政策,,,,,保留空城：留个念想,,,,,
8003,FALSE,行走的尸骸,队伍开始移动。但你的部下――那几十个幸存者，他们走不动。他们太虚弱了，每走一步都是在燃烧生命。援军的士兵看着他们，像是在看易碎的瓷器。有人提议丢下重伤员，否则全军都会被拖累。这是一个理性的建议。太理性了，让你想吐。,全员带走：一个都不能少,,,,,挑选能走的：放弃重伤员,,,,,
8004,TRUE,再适应综合症,援军分发了肉汤。真正的食物。但你的胃已经不认识它们了。吞咽下去的瞬间，剧痛袭来。有人开始剧烈呕吐，有人抽搐。这是一种讽刺：饿死很痛苦，撑死也很痛苦。你需要控制他们的进食量，像喂婴儿一样喂这些杀人机器。,限量进食：循序渐进,,,,,放任暴食：补偿心理,,,,,
8005,FALSE,第一波追兵,匈奴人反应过来了。疏勒城的火光激怒了他们。骑兵的马蹄声在后方响起，像滚雷一样逼近。现在不再是守城战了，是遭遇战。在平原上，两条腿跑不过四条腿。你需要有人断后。你需要用鲜血去换取时间。,利用地形：且战且退,,,,,正面阻击：硬碰硬,,,,,
8006,TRUE,这该死的甲胄,范羌带来了新的装备。崭新的汉军制式铠甲。光亮、坚固、沉重。你的士兵摸着它们，却不想穿。他们看着这些甲胄，眼神里不是对防御的渴望，而是条件反射式的食欲。‘校尉，这铁片……煮不烂啊。’这是一种只有你们才懂的黑色幽默。,强制换装：穿上它,,,,,轻装简行：只带武器,,,,,
8007,TRUE,沉重的战利品,有的士兵手里还死死攥着从匈奴使者那里抢来的金刀，或者是那块没舍得吃的干肉。这些东西在逃亡路上是累赘。每一两重量都可能意味着掉队。你必须让他们学会舍弃。在这个世界上，你拥有的东西最终会反过来拥有你。,丢弃杂物：轻装上阵,,,,,允许保留：精神寄托,,,,,
8008,FALSE,夜宿荒野,没有了城墙，荒野的风直接刮在骨头上。这里没有安全感。几千人挤在一起取暖。你睡不着。你习惯了听城墙外的动静，现在四面八方都是空旷的黑暗。每一个草丛的晃动都像是一个匈奴人。你的PTSD（创伤后应激障碍）在夜里发作了。,设立双倍岗哨：安全第一,,,,,正常休息：赌一把,,,,,
8009,TRUE,天山的阴影,前方就是天山。那巨大的白色山脉挡住了去路。它是回家的路，也是鬼门关。范羌指着那个山口说：‘翻过去就是伊吾，就是大汉。’但看着那积雪，你的膝盖在隐隐作痛。你知道在那种高度，寒冷比匈奴人更会杀人。,检查冬衣：物资盘点,,,,,激励士气：望山跑死马,,,,,
8010,FALSE,咬住尾巴,匈奴人的先锋部队――那些也是疯子――咬住了你们的尾巴。他们不睡觉吗？他们也是血肉做的吗？这次他们出动了重骑兵。震动感通过大地传导到你的脚底。必须有人留下来做钉子。这是一个注定没有回报的任务。,留下援军断后：保存火种,,,,,留下老兵断后：最后的荣光,,,,,
8011,TRUE,进入雪线,海拔升高了。呼吸变得困难。植物消失了，岩石变成了冰。匈奴的骑兵在山脚下停住了，他们犹豫了。但你们不能停。进入这片白色的虚无，就意味着进入了另一个世界。在这里，信念是唯一的燃料。,全速登山：不顾一切,,,,,稳步前进：保持队形,,,,,
9000,FALSE,白色的墙,你们走进了一堵墙。白色的墙。风雪不再是从天上下来的，而是横着飞的。像无数把细小的冰刀刮擦着你的脸。你的睫毛瞬间结冰，把上下眼睑粘在一起。那个声音――那个在疏勒城里尖叫着要活下去的声音，现在变得很小声，被风声淹没了。这里是死神的后花园，安静得只剩下呼啸声。,强行赶路：哪怕是爬,,,,,寻找避风处：暂避锋芒,,,,,
9001,TRUE,热力学的诅咒,你会感觉到热量从你的指尖流走，那是物理法则在收税。你的手指变粗、变硬，最后变成紫黑色的胡萝卜。你试着握拳，但手指没有反应。它们还在你身上，但已经不属于你了。如果你现在拔剑，可能连剑柄都握不住。,不断摩擦：保持血液循环,,,,,无视：感觉不到痛就好了,,,,,
9002,TRUE,反常脱衣,前面的一个士兵突然停下了。他开始脱衣服。这疯狂吗？不，这是失温症的终末期。他的大脑在欺骗他，告诉他很热。他脸上带着诡异的幸福微笑，把唯一的皮袄扔在雪地里，露出了赤裸的胸膛。他看起来像是在迎接春天。但这里只有零下四十度的地狱。,打晕他穿回衣服：暴力救援,,,,,看着他死：别浪费衣服了,,,,,
9003,FALSE,看不见的悬崖,雪掩盖了一切。你分不清哪里是路，哪里是万丈深渊的边缘。只能用矛杆去探。每一步都是在赌博。突然，连接着两个士兵的绳索绷紧了。前面的人踩空了。他悬在半空，在风雪中像个钟摆一样晃荡。绳子在磨损，不仅磨损岩石，也磨损你的良心。,割断绳索：保全大部队,,,,,拉他上来：耗尽全力,,,,,
9004,TRUE,昂贵的燃料,太冷了。如果不生火，今晚会死一半人。但这里没有树，没有草。只有手里剩下的武器，还有运送伤员的木板车。这是最后的取舍：你要明天杀敌的刀，还是要今晚活命的火？,烧毁矛杆和箭矢：取暖,,,,,硬抗：靠体温取暖,,,,,
9005,FALSE,雪盲的白色地狱,世界消失了。上下左右全是白色。强烈的反光烧灼着你的视网膜。你看不到路，只能看到一片刺眼的虚无。你觉得眼睛里被撒了一把碎玻璃。如果不闭上眼，你会瞎；如果闭上眼，你会迷路。这是一个关于‘看’的悖论。,用布蒙眼：盲人摸象,,,,,强行睁眼：寻找地标,,,,,
9006,TRUE,温柔的诱惑,风声变了。它不再咆哮，而是变成了一种低沉的吟唱。像小时候母亲哄你睡觉的调子。你的眼皮有千斤重。每一块肌肉都在恳求你：‘就睡一会儿。坐下来，就一分钟。’这块石头看起来很软，很暖和。那是死亡在伪装成休息。,狠掐大腿：保持清醒,,,,,小憩片刻：只一分钟,,,,,
9007,TRUE,冻硬的尸体,路边有凸起物。那是尸体。可能是以前的商队，也可能是前面掉队的兄弟。他们像雕塑一样被冻结在最后一刻的姿态。有的在爬，有的在蜷缩。你甚至想去羡慕他们。他们不用再走了。他们成了路标，指引着后来者：‘别往这边走，这边是死路。’,搜刮尸体：死人不需要物资,,,,,致敬并绕行：这是战友,,,,,
9008,FALSE,幻觉中的追兵,你听到了马蹄声。在呼啸的风声中，那个声音很清晰。是匈奴人？他们追上来了？在这连鹰都飞不过去的地方，他们追上来了？你的恐惧脑在尖叫。你命令士兵结阵，对着风雪挥舞兵器。但那里什么都没有。只有风卷着雪花，嘲笑你的神经质。,虚惊一场：解除警戒,,,,,坚信有敌：设下陷阱,,,,,
9009,TRUE,最后的马肉,那匹一直跟着你们的马，在翻越垭口时倒下了。它的肺炸了，粉红色的泡沫从鼻孔里涌出来。血还没流出来就冻住了。这是最后的补给。在这冰天雪地里，这是一块巨大的、红色的能量块。不需要煮，直接切下来，含在嘴里，那是带血的冰棍。,生食马肉：补充热量,,,,,放弃：冻得像石头一样,,,,,
9010,TRUE,山口的极光,终于，你们爬到了最高点。风突然停了。夜空中出现了极光。绿色和紫色的光带在头顶舞动，像神明的裙摆。太美了，美得不像人间。哪怕是那些快死的人，也抬起头，呆呆地看着。在这极致的残酷中，大自然施舍了极致的美。这一刻，你觉得自己不是在逃亡，而是在朝圣。,感叹：天地不仁,,,,,抓紧下山：别看了快走,,,,,
9011,TRUE,下山的滑梯,上山靠腿，下山靠命。南坡陡峭得像墙。没有路。唯一的办法就是滑下去。坐在盾牌上，或者直接用屁股。这像是一场疯狂的滑梯游戏。速度会越来越快，直到你撞上石头，或者冲进伊吾的平原。这不再是行军，这是自由落体。,全军滑降：听天由命,,,,,绳索悬降：稳妥但慢,,,,,
10000,TRUE,酒泉的传言,你站在酒泉郡的集市上，手里捏着早已发皱的求援文书。周围是喧闹的商贩和骆驼。当你问起‘疏勒城’时，空气突然安静了。一个卖皮货的老头看着你，像看一个傻子：‘校尉？那个吃人的校尉？他们早死了。那里现在是鬼城。’你的理智告诉你他是对的，但你腰间的汉刀在颤抖――那是你的承诺在作祟。,怒斥老头：他还活着！,,,,,沉默购买冬衣：我活要见人,,,,,
10001,TRUE,两千人的犹豫,朝廷终于拨给你两千人。但这两千人不是来送死的。他们看着天山方向那铅灰色的云层，那是暴雪的前兆。军心浮动。有流言说，去了就是给匈奴人送肉，或者被那个‘疯子耿恭’吃掉。你是这支队伍的头狼，如果头狼露怯，狼群就会散。,发表慷慨陈词：不抛弃不放弃,,,,,重金赏赐：买命钱,,,,,
10002,FALSE,逆风而行,队伍开拔。风是从北边吹来的，像是一堵无形的墙，试图把你们推回温暖的南方。每走一步都需要对抗物理法则。你的副官骑马靠近你，大声吼道：‘军候！这种天气进山是违背兵法的！’是的，这违背兵法，违背常识，违背生物学。,坚持进军：兵贵神速,,,,,寻找避风港：暂缓行军,,,,,
10003,TRUE,被遗弃的箭矢,在山口附近，你捡到了一支断箭。箭杆已经腐烂，但箭簇上的‘汉’字依稀可辨。这是几个月前留下的。它孤零零地躺在雪地里，像是一个求救信号，又像是一份遗书。你握着那冰冷的金属，仿佛能感受到那个人的体温。他还活着吗？还是这只是尸体留下的痕迹？,仔细勘察：寻找踪迹,,,,,收起断箭：这是信物,,,,,
10004,TRUE,向导的拒绝,你雇佣的西域向导在天山脚下停住了。他指着前面白茫茫的一片，死活不肯再走一步。‘上面是长生天的禁地，’他用蹩脚的汉语说，‘这个时候翻山，神会发怒。’他把定金扔在地上，转身要跑。没有向导，这片雪山就是迷宫。,拔刀威逼：带路或者死,,,,,加倍酬金：有钱能使鬼推磨,,,,,
10005,FALSE,雪夜的篝火,夜里，你不敢睡。你怕一闭眼，那唯一的希望之火就灭了。士兵们围着篝火窃窃私语。你在听。他们在说：‘那个耿恭值得我们去死吗？’‘听说他已经疯了。’你需要加入他们的对话，或者独自在黑暗中通过咀嚼干粮来缓解焦虑。,加入士兵：讲述耿恭的过去,,,,,独自守夜：保持长官威严,,,,,
10006,TRUE,理智的叛乱,几个百夫长来找你了。他们没有拿武器，但这比拿武器更可怕。‘军候，雪太大了。再走下去，这两千人都要搭进去。为了救几百个可能已经死透的人，赔上两千个兄弟，这笔账划不来。’这是极致的理性。他们在用数学题攻击你的信念。,拔剑斩桌：只有死人才能退,,,,,动之以情：如果我们被困呢？,,,,,
10007,FALSE,白毛风,最可怕的事情发生了。白毛风（暴风雪）。天地混沌一片。你看不见马头，听不见人声。你感觉自己被装进了一个巨大的白色滚筒洗衣机里。队伍被吹散了。你必须在混乱中抓住点什么，或者抓住谁。你的直觉（那个一直让你往北走的声音）是你唯一的导航。,系上绳索：连环马,,,,,分散寻找避风处：各自为战,,,,,
10008,TRUE,山巅的狼烟,风停的间隙，你看到了。在极远处的山坳里，有一缕极细的黑烟。那不是云，那是不自然的直烟。是烽火！或者是求救的信号！你的心脏剧烈跳动，撞击着肋骨。那是你这几个月来看到的唯一的颜色――黑色。,全速前进：丢弃辎重,,,,,谨慎侦查：防止是匈奴诱饵,,,,,
10009,FALSE,匈奴的封锁线,靠近疏勒城了。但横在你们中间的，是匈奴人的封锁线。他们像一群守在尸体旁的秃鹫。你只有两千人，他们有两万。正面冲锋是找死。你需要像一把手术刀，精准地切开一个口子，把里面的人‘挖’出来。,趁夜突袭：撕开缺口,,,,,声东击西：多路疑兵,,,,,
10010,TRUE,望远镜里的地狱,（突破后）你终于看清了疏勒城。那不是一座城，那是一座巨大的坟墓。城墙残破，尸横遍野。城头上站着的那些……是人吗？他们枯瘦如柴，衣衫褴褛，像是一群裹着破布的骷髅。你感到一阵反胃，紧接着是钻心的痛。那就是你要救的人？那就是大汉的校尉？,鸣金亮旗：我们来了！,,,,,沉默流泪：加速靠近,,,,,
10011,TRUE,范羌的呐喊,你冲到了城下。城上的人还在举弓瞄准你们。他们已经分不清汉军和匈奴了。你扯下头盔，用尽全身力气嘶吼：‘我是范羌！朝廷的援军到了！’你的声音在山谷里回荡，那是生者对死者的呼唤。城上的人愣住了，然后，那把弓掉了下来。,冲入城门：拥抱兄弟,,,,,警戒后方：防止追兵,,,,,
11000,TRUE,幻觉的终结,那个声音穿透了风雪，也穿透了你大脑皮层上那层厚厚的绝望。‘范羌？’你试着发音，但喉咙里只能发出野兽般的咯咯声。城门打开了。那个带着体温的男人冲进来抱住了你。热量。真实的、令人烫伤的热量。你没哭，因为你的水分早就干了。但你的心脏猛地跳了一下，像是停摆的钟重新上了发条。,死死抓住他：确认真实,,,,,推开他：别碰脏东西,,,,,
11001,TRUE,热汤的暴力,范羌的人架起了锅。热汤。肉块。那是文明世界的毒药。你的士兵们围着锅，手在抖，不敢伸。因为他们知道，一旦吃了这口热的，那个‘不死怪物’的封印就解除了，他们就会变回怕冷、怕疼、脆弱的人类。,喝下去：变回人类,,,,,拒绝：现在还不是时候,,,,,
11002,FALSE,没有叙旧的时间,匈奴人还没反应过来。他们以为是汉军的大规模反攻。但等他们看清只有两千人时，愤怒会像火山一样爆发。范羌拉着你：‘校尉，走！现在就走！’你回头看了一眼疏勒城。那座吃人的坟墓。你的二十六个兄弟还在看着你。走？这听起来像是一种背叛。,立刻撤离：带上活人,,,,,最后祭拜：带上死人的魂,,,,,
11003,FALSE,混编的尴尬,队伍出发了。范羌的两千精锐把你们二十六人围在中间。他们看着你们，像是在看某种珍稀动物，或者是某种瘟疫。他们穿着厚实的冬衣，脸颊红润。而你们，裹着煮烂的皮甲，散发着尸臭。这种对比比刀割还疼。你的副官低下了头，试图把烂掉的脚藏进雪里。,昂起头：我们要有尊严,,,,,无视：只管走路,,,,,
11004,FALSE,右贤王的怒火,后方传来了号角声。凄厉，长久。那是右贤王发现你们‘越狱’后的咆哮。两万骑兵开始动了。地面在颤抖。范羌的士兵开始慌了，他们没见过这种阵势。这时候，你是这里唯一的‘专家’。你是这片地狱的导游。,接管指挥权：听我号令！,,,,,交给范羌：我太累了,,,,,
11005,FALSE,雪夜激战,追兵的前锋咬上来了。箭矢从黑暗中射来，带着呼啸声。范羌的士兵举盾格挡。而你的那二十六个‘鬼魂’，几乎是下意识地扑了上去。没有战术，没有喊叫，只有撕咬。那是长期求生本能的爆发。范羌的士兵看呆了：这哪里是汉军，这是一群疯狗。,率领幸存者反冲锋：杀！,,,,,依托援军防守：稳扎稳打,,,,,
11006,TRUE,活体货物,雪越来越大。那二十六个幸存者，体力是透支的。有人走着走着就倒下了。范羌下令：‘把马让出来！背也要背回去！’但这严重拖慢了行军速度。这是一个残酷的物理题：负重越大，速度越慢，死的人越多。,全员上马：放弃辎重,,,,,轮流徒步：保留物资,,,,,
11007,TRUE,温暖的幻觉,你也开始发烧了。热汤唤醒了免疫系统，免疫系统开始清算旧账。你觉得雪花是热的，风是暖的。你看到死去的父母在前面招手。范羌的声音变得很远：‘校尉！别睡！’你觉得他很吵。为什么不能睡？睡着了就到家了。,咬破舌尖：利用痛觉,,,,,闭眼一小会儿：就一会儿,,,,,
11008,TRUE,那面旗帜,那面破烂的汉旗，一直由你的副官扛着。即使在爬雪山的时候，他也用身体护着它。现在范羌想帮他拿。‘给我吧，兄弟，你歇歇。’副官死死抓着旗杆，指关节发白。他不是在护着一块布，他是在护着自己还没疯掉的证据。,让他扛着：这是他的命,,,,,交给范羌：我们需要活人,,,,,
11009,FALSE,暴雪掩护,天助大汉。一场特大暴雪降临了。能见度降到了零。这对你们是折磨，对匈奴骑兵却是灾难。马匹在雪地里寸步难行。这是一个千载难逢的脱身机会。只要你们能在那白色的混沌中找到方向。,利用暴雪急行军：赌命,,,,,停下避风：保守策略,,,,,
11010,FALSE,最后一次回望,即将翻过垭口。再往前，就是下坡路，就是回家的路。身后的疏勒城已经看不见了，只能看到漫天的风雪。你知道，有些东西你永远留在了那里。你的青春，你的野心，你的一部分灵魂。你不再是以前的那个耿恭了。,向北叩首：拜别死者,,,,,绝不回头：只有恨,,,,,
11011,TRUE,幸存者名单,翻过山脊。范羌开始清点核心人员。二十六人。加上你，二十七人。这二十七个人，每个人都是一本行走的苦难史。你看着他们，他们看着你。没有欢呼，只有一种劫后余生的虚脱感。‘我们……活下来了？’有人问。声音轻得像雪花。,是的，活下来了：确认事实,,,,,还有最后一段路：别松懈,,,,,
12000,TRUE,沙漠的静默,离开了雪山，进入了戈壁。没有风雪的呼啸，世界静得可怕。这种安静是另一种暴力。它让你不得不面对自己的思绪。你想起了金蒲城的月亮，想起了疏勒城的水井，想起了每一个死在你命令下的人。你的记忆像是在反刍，不断咀嚼着痛苦。,记录亡者名单：怕忘了,,,,,清空思绪：只想回家,,,,,
12001,FALSE,温柔的减员,没有敌人。但人还在死。你的副官――那个扛旗的汉子，今天早晨没醒过来。他走得很安详，脸上甚至带着笑。可能是梦到了洛阳的春天。这不公平。他挺过了匈奴人的两万骑兵，挺过了天山的暴雪，却在离家还有几天的时候，被‘疲惫’杀死了。,埋葬他：带走旗帜,,,,,带上骨灰：一起回家,,,,,
12002,TRUE,镜中怪物,路过一处绿洲，你趴在水边喝水。倒影里出现了一个怪物。头发像枯草，皮肤像树皮，眼窝深陷如同骷髅。那是你吗？那个曾经意气风发的戊己校尉？你看着那个倒影，倒影也看着你，眼神陌生得让你害怕。,接受现实：这就是英雄的代价,,,,,打碎倒影：我不认识他,,,,,
12003,TRUE,新衣服的重量,范羌拿来了干净的衣服。丝绸的中衣，厚实的棉袍。它们柔软得不可思议。但穿在身上，你觉得像是在裹尸布里一样不自在。你的皮肤已经习惯了粗糙的摩擦，习惯了寒冷。温暖反而让你感到刺痛。这是一种‘幸存者综合症’――你觉得自己不配享受温暖。,穿上：为了体面地见人,,,,,披着旧甲：那是我的皮肤,,,,,
12004,FALSE,倒计时,二十人。十八人。十五人。队伍越来越短。每一天都有人掉队。他们不是不想走，是身体的零件报废了。你看着这些剩下的兄弟，每个人都在默默计算着自己还能走多远。这像是一场残酷的淘汰赛，终点是玉门关，奖品是‘活下去’。,把药留给最弱的：强行续命,,,,,平均分配：顺其自然,,,,,
12005,TRUE,近乡情怯,看到了。地平线上那道巍峨的轮廓。玉门关。你梦里出现过一万次的地方。但此刻，你的脚步慢了下来。你害怕。害怕关门打开后的喧嚣，害怕人们审视的目光，害怕面对那些死者家属的质问：‘为什么只有你回来了？’,深呼吸：整理仪容,,,,,犹豫不前：我想躲起来,,,,,
12006,TRUE,中郎将的迎接,玉门关大开。中郎将郑众亲自出迎。他穿着整洁的官服，身后是排列整齐的仪仗队。当你带着这群衣衫褴褛、如同野鬼的人走近时，音乐停了。郑众愣住了。他闻到了你们身上的血腥味、尸臭味和野兽的味道。他眼圈红了，对着你们深深一拜。,还礼：交出节杖,,,,,沉默伫立：无法言语,,,,,
12007,TRUE,清洗罪孽,郑众安排了沐浴。热水。皂角。你看着黑色的水从身上流下来。那是洗得掉的污垢。但有些东西――比如吃过的人肉、杀过的使者、丢下的伤员――是洗不掉的。它们已经渗进了你的骨髓里，成为了你的一部分。,用力搓洗：试图遗忘,,,,,静静浸泡：接受共存,,,,,
12008,TRUE,点名：余十三人,最后的时刻。书记官在名册上勾画。出发时数百人，现在站在校场上的，稀稀拉拉。十三人。只有十三个。这个数字像一颗钉子，钉在了史书上。风吹过空荡荡的校场，你仿佛看到了那些没回来的人就站在空位上，静静地看着你。,大哭：宣泄所有的痛苦,,,,,仰天长啸：不屈的灵魂,,,,,
12009,TRUE,审判日（Karma）,朝廷的使者来了。他们不仅带来了赏赐，也带来了审问。关于杀使者，关于吃人，关于违抗军令。在这个文明的世界里，你在疏勒城做的一切都是罪行。但在那个地狱里，那是生存。你如何辩解？,辩解：为了活下去,,,,,沉默：功过任人评说,,,,,
12010,TRUE,结局分支：血色修罗,（若吃人/杀使者/信念低）人们敬畏你，但远离你。你活了下来，但你的灵魂留在了疏勒城。你会在半夜惊醒，嘴里有血腥味。你成了大汉的英雄，也是自己的囚徒。这是一个关于生存的残酷笑话。,接受：我是活着的鬼,,,,,无,,,,,
12011,TRUE,结局分支：千秋功业,（若坚守底线/信念高）你带回了汉家的旗帜，也带回了汉家的尊严。十三将士归玉门，成为了传颂千年的史诗。虽然伤痛伴随一生，但你看着玉门关的夕阳，知道这一切没有白费。你守住了。,微笑：看向东方,,,,,无,,,,,
13000,TRUE,疯子的演讲,你站在疏勒城的广场上。士兵们看着你，眼神里充满了对死亡的恐惧。你笑了。你指着那座高耸入云、终年积雪的天山说：‘匈奴人以为墙是用来挡人的。但对于汉军来说，墙是用来翻的。那边有肉，有酒，有龟兹王的脑袋。谁想跟我去取？’这番话违背了所有兵法，但它点燃了某种名为‘野心’的火焰。,全军出发：改写历史,,,,,烧毁退路：破釜沉舟,,,,,
13001,FALSE,第一道冰壁,这不是行军，这是攀岩。垂直的冰壁像是一面巨大的镜子，映照出你们渺小的身影。寒风试图把你们吹下去。你的手指扣在岩石缝里，指甲断裂，鲜血流出来瞬间结冰。你的肌肉在尖叫，但你的大脑在命令：向上，向上，哪怕是用牙齿咬住岩石。,强行攀登：无视损耗,,,,,寻找兽道：相信直觉,,,,,
13002,TRUE,缺氧的肺,海拔三千米。空气稀薄得像吝啬鬼的施舍。每一次呼吸都像是在吞咽碎玻璃。你的肺部在燃烧，心脏狂跳得要撞断肋骨。士兵们开始出现高原反应，有人跪在雪地里呕吐。你必须教他们如何像高山上的岩羊一样呼吸。,调整呼吸节奏：冥想,,,,,强制行军：适应痛苦,,,,,
13003,FALSE,负重的博弈,雪越来越深。每一步都要拔出腿来，消耗双倍的卡路里。身上的铠甲、盾牌、多余的干粮，现在都成了死神的砝码。是为了防御力保留铁块，还是为了速度保留性命？这是一个极简主义的哲学问题。,丢弃重甲：轻装上阵,,,,,保留物资：负重前行,,,,,
13004,TRUE,云端之上的野餐,你们爬到了云层之上。这里没有风，只有死寂的蓝天和刺眼的阳光。你们坐在悬崖边，吃着风干的牛肉。这牛肉硬得像石头，但此刻却无比美味。你看着脚下的云海，想象着匈奴人还在山脚下像傻子一样围着空城。这种上帝视角的快感，比任何美酒都醉人。,高调嘲讽：我们是神,,,,,沉默进食：保存热量,,,,,
13005,FALSE,雪崩竞速,轰隆隆。山顶的积雪松动了。声音像是一万辆战车在咆哮。白色的大浪从头顶压下来。在这毁灭性的力量面前，你感到的不是恐惧，而是刺激。这才是配得上汉军葬礼的规格！但今天，你们不打算死。,滑盾而下：人体雪橇,,,,,寻找岩石掩体：硬抗,,,,,
13006,TRUE,冰封的巨兽,在冰川深处，你看到了一具被冻结的猛犸象（或者是某种上古巨兽）的尸体。它保持着冲锋的姿态，獠牙指向苍穹。你的副官惊恐地看着它，以为是妖怪。你走过去，敲了敲那坚硬的冰层。‘看，’你说，‘连这种怪物都死在了这里。但我们活着。说明我们比怪物更强。’,取下獠牙：作为战利品,,,,,宣告胜利：建立图腾,,,,,
13007,TRUE,幻觉中的卫青,海拔太高了，脑缺氧带来了幻觉。你看到前方的雪雾中站着几个人影。是卫青？是霍去病？还是那个已经在疏勒城战死的兄弟？他们在向你招手，指引方向。你的理智告诉你这是脑损伤，但你的情感告诉你，这是英灵的护佑。,追随幻影：冲锋！,,,,,打醒自己：我是耿恭,,,,,
13008,FALSE,夜晚的拥抱,夜幕降临，气温骤降至零下四十度。如果停下来睡觉，可能会永远醒不过来。但如果继续走，会在黑暗中摔死。你必须在‘冻死’和‘摔死’之间做一个选择。或者，用某种更疯狂的办法取暖。,相互依偎：抱团取暖,,,,,点燃多余衣物：奢侈的火,,,,,
13009,TRUE,雪盲症,世界消失了。上下左右全是白色。强烈的反光烧灼着视网膜。你看不到路，只能看到一片刺眼的虚无。如果不想瞎，就得把眼睛蒙上。这是一场‘盲人摸象’般的行军，你只能依靠手中的矛杆和脚下的触感。,蒙眼行军：用心眼看路,,,,,强行睁眼：寻找地标,,,,,
13010,TRUE,最后一道山脊,翻过这里，就是下坡路。你站在山脊上，第一次看到了山的另一边。绿色的。不再是白色，是绿色的！龟兹国的平原，河流，还有那些冒着炊烟的村庄。那绿色刺痛了你的眼睛，让你想哭。那是生的颜色。,狂笑：我们做到了！,,,,,静默流泪：向山致敬,,,,,
13011,TRUE,下山的滑梯,上山靠腿，下山靠命。南坡陡峭得像墙。没有路。唯一的办法就是滑下去。坐在盾牌上，或者直接用屁股。这像是一场疯狂的滑梯游戏。速度会越来越快，直到你撞上石头，或者直接冲进龟兹人的后花园。这不再是行军，这是自由落体。,全军滑降：听天由命,,,,,绳索悬降：稳妥但慢,,,,,
14000,TRUE,后花园的访客,你们满身冰渣，像一群从天而降的雪怪出现在龟兹城后方。这里的守军松懈得像是一群正在午睡的猫。他们根本想不到，有人能从‘那座山’上下来。你看着繁华的龟兹城，看着那些冒着炊烟的粮仓。你的嘴角裂到了耳根。这不仅仅是补给站，这是你的起兵之地。,夜间潜入：像幽灵一样,,,,,正面强袭：神兵天降,,,,,
14001,FALSE,酒窖里的战争,第一个被攻陷的是酒窖。守卫喝得烂醉，被你的士兵拧断了脖子。空气中弥漫着葡萄美酒的香气。你的士兵――那些在雪山上吃雪的野兽――现在站在没过脚踝的酒水里。他们想喝。但现在喝就是死。现在要杀人。,忍住酒瘾：先杀人后喝酒,,,,,放纵片刻：喝壮行酒,,,,,
14002,FALSE,燃烧的武库,你找到了龟兹人的武库。这里堆满了匈奴人支援的精良装备。这简直是给你们准备的礼物。你拿起一把崭新的弯刀，试了试手感。比你的卷刃汉剑好用多了。你的逻辑脑在计算：要把这些全带走是不可能的。那就……用不完的都烧了。,换装：全员神装,,,,,烧毁剩余：制造混乱,,,,,
14003,TRUE,地牢里的汉音,在攻打王宫的途中，你发现了一处地牢。里面关押着数百名衣衫褴褛的人。他们不是罪犯，是被匈奴掳掠来的汉人奴隶，还有不愿臣服匈奴的西域义士。他们看着你的汉军旗帜，眼神从麻木变成了不可置信的狂热。这是你第一笔真正的财富。,打开牢门：发给武器！,,,,,无视他们：累赘,,,,,
14004,TRUE,龟兹王的噩梦,龟兹王在睡梦中被叫醒。他看到床前站着一个浑身是血、披着破烂皮甲的汉人。你。你微笑着看着他，手里的刀滴着血。‘陛下，’你说，‘我听说你想要把汉军饿死？我饿了，我想借你的人头一用。’这不仅是刺杀，这是心理上的凌迟。,斩首示众：震慑西域,,,,,绑架勒索：索要物资,,,,,
14005,TRUE,暴发户的烦恼,战斗结束得太快了。粮仓里的粮食够你们吃十年。这种瞬间的‘暴富’让士兵们有些不知所措。有人开始往怀里塞金子，有人想去抢劫民居。这是关键时刻。你们是来当强盗的，还是来当征服者的？,大肆赏赐但严禁扰民,,,,,纵兵抢掠：狂欢三日,,,,,
14006,TRUE,集市上的演讲,天亮了。龟兹百姓惊恐地发现城头变幻大王旗。你站在集市的高台上，脚下是龟兹王的尸体。你没有恐吓他们，你宣布：‘汉军回来，不是为了抢劫，是为了驱逐匈奴，恢复丝路。凡助我大汉者，免税三年！’人群中爆发出一阵骚动，然后是稀稀拉拉的掌声，最后是欢呼。,征召义勇：谁愿随我？,,,,,分发粮食：收买人心,,,,,
14007,FALSE,来自单于的问候,一支匈奴巡逻队在城外遭遇了你们。他们还不知道城池已失，以为是龟兹的盟友，甚至上前打招呼。直到你的弩箭射穿了他们的喉咙。这一刻，信息差就是你的武器。匈奴主力还在疏勒城围困空气，而你们已经在他们的后方跳舞。,伪装信使：传递假情报,,,,,全歼巡逻队：封锁消息,,,,,
14008,TRUE,工匠的献礼,城中的铁匠和皮匠主动找到了你。他们受够了匈奴人的盘剥。‘将军，我们能修好这些甲胄。’他们看着你身上那些煮烂的、用麻绳绑着的装备，眼里满是敬畏。这不仅仅是修装备，这是西域手工业阶层对你的站队。,接受整备：全员换装,,,,,支付报酬：公平交易,,,,,
14009,TRUE,匈奴使者的命运,你在王宫里抓到了几个正在享乐的匈奴税务官。他们平日里作威作福，现在却像猪一样被捆在地上。周围的百姓恨得牙痒痒，想要生吞了他们。这是一个展示你‘公道’的机会。,交给百姓审判：泄愤,,,,,公开斩首：以汉律处刑,,,,,
14010,TRUE,扩军备战,有了钱，有了粮，有了民心，队伍开始壮大。不仅仅是汉人奴隶，连一些龟兹的士兵也倒戈加入。你的三百人小队变成了两千人的混编军团。你需要重新整编，教他们汉军的阵法，把这群乌合之众变成军队。,严酷训练：提升纪律,,,,,以战代练：准备出征,,,,,
14011,TRUE,出征前的誓师,龟兹已定。但这只是开始。你的目标是整个西域，是那个高高在上的右贤王。你看着台下黑压压的军队――有汉人，有龟兹人，有羌人。语言不通，但眼神一致。那是对胜利的渴望。你拔剑指东：‘下一个，于阗！’,全军开拔：气吞万里,,,,,留兵驻守：巩固后方,,,,,
15000,FALSE,南下的利剑,大军开拔。目标：于阗。这不再是一次行军，而是一次游行。你的队伍里混合了汉军的弩手、龟兹的骑兵、还有自愿加入的奴隶。沿途的小部落看着这支庞杂但杀气腾腾的队伍，像鹌鹑一样瑟瑟发抖。挡在前面的第一个障碍，是于阗北部的【流沙堡】。,劝降：给他们一个机会,,,,,强攻：碾压过去,,,,,
15001,FALSE,雇佣兵的价码,于阗王虽然软弱，但他有钱。他雇佣了一支凶悍的匈奴流浪骑兵在山口拦截。这群亡命之徒只认钱不认人。他们拦住了去路，叫嚣着要买路钱。你的副官问：‘给钱还是给箭？’你笑了。你的钱是用来赏赐兄弟的，不是给野狗的。,冲锋：用铁蹄践踏,,,,,收买：反向雇佣,,,,,
15002,TRUE,沙漠中的绿洲,行军途中。你们遇到了一群被匈奴人遗弃的难民。他们快渴死了。按照兵法，军队不该被平民拖累。但按照‘王道’，这正是收买人心的好机会。你看着水囊，又看着那些干枯的手。你的直觉告诉你，水可以换来比黄金更贵重的东西。,分水：大汉不弃子民,,,,,无视：慈不掌兵,,,,,
15003,FALSE,叛徒的恐慌,消息传到了于阗城。那个曾经背叛大汉、投靠匈奴的国王，现在正瑟瑟发抖。他派出了所谓‘六大将’中的前锋来阻击。在峡谷里，你看到了敌将的旗帜。他占据了高地。但在绝对的士气压制面前，地形只是一个借口。,阵前斩将：单挑,,,,,火箭覆盖：烧死他们,,,,,
15004,TRUE,甚至不需要攻城,大军抵达于阗城下。你原本以为会有一场恶战。但当你打出‘汉’字大旗，并让之前救下的难民在城下喊话时，奇迹发生了。城门缓缓打开。不是守军开的，是城里的百姓和义军开的。他们受够了匈奴人的走狗。这就是‘民心’的力量。,入城安民：秋毫无犯,,,,,纵兵劫掠：惩罚叛城,,,,,
15005,FALSE,王宫的最后抵抗,于阗王躲在王宫里，身边只有最后几百名死士。他把宫门锁死，企图负隅顽抗。他在尖叫：‘匈奴人会来救我的！’这声音听起来像是一只被困在笼子里的老鼠。结束这一切吧。为了死在疏勒城的兄弟，为了大汉的尊严。,破门而入：终结,,,,,放火烧宫：省事,,,,,
15006,TRUE,迟来的审判,于阗王被拖到了广场上。他痛哭流涕，说自己是被逼的。说他其实心向大汉。你看着他，就像看着一坨会说话的垃圾。周围的百姓在怒吼：‘杀了他！’你的刀在鞘里嗡嗡作响。这一刀，不是为了杀戮，是为了确立秩序。,公开处决：以叛国罪论处,,,,,扶持傀儡：榨取价值,,,,,
15007,TRUE,开仓放粮,于阗的国库里堆满了剥削来的粮食。你下令：取之于民，用之于民。除了补充军需外，剩下的全部分给百姓。这一举动让你彻底神格化。在西域人眼里，你不再是外来的征服者，你是上天派来的解放者。年轻的壮丁排着队要加入你的军队。,扩充军备：精兵简政,,,,,来者不拒：人海战术,,,,,
15008,TRUE,西域诸国的朝贺,于阗既下，南道震动。莎车、鄯善等国的使者带着礼物在营门外排队。他们看着你那支混合了各族战士的庞大军队，眼神里满是敬畏。你坐在虎皮交椅上，手里把玩着从于阗王那里缴获的金印。你意识到，你现在一句话，就能决定一个国家的生死。,组建联军：听我号令,,,,,索要贡金：充实军费,,,,,
15009,FALSE,匈奴的反应,终于，北匈奴的主力反应过来了。右贤王得知后方起火，暴跳如雷。他派出了一支精锐骑兵试图夺回于阗。但这不再是围猎了，这是战争。你拥有坚固的城池，充足的粮草，和誓死保卫家园的士兵。,出城迎击：正面硬刚,,,,,坚壁清野：消耗敌军,,,,,
15010,TRUE,英雄的武器,在于阗的皇家武库里，你找到了一把传说中的宝刀。也许是前代汉军遗落的，也许是西域工匠的巅峰之作。它比你手里那把砍卷刃的汉剑锋利百倍。工匠说：‘宝刀配英雄。’你握住刀柄，感觉它就是你手臂的延伸。,装备宝刀：攻击力质变,,,,,赏赐给副官：收买人心,,,,,
15011,TRUE,遥望南方,平定于阗后，你站在城楼上向东眺望。在遥远的南道，另一个传奇正在书写。班超。那个投笔从戎的家伙。情报显示，他正在向这边靠拢。你们就像两把尖刀，一南一北，把匈奴人的势力范围捅了个对穿。是时候会师了。,修书一封：约期会师,,,,,继续独走：不需要帮手,,,,,
16000,TRUE,南道的幽灵,你们离开于阗向东进发。斥候回报，前方有一支奇怪的队伍。人数很少，只有三十六人。但所到之处，鬼神避让。他们没有攻城，但城池为他们而开。那是班超的队伍。三十六人控制了整个南道。这是另一种极致的暴力美学：谋略。,派出使者：接触,,,,,保持戒备：防止诈降,,,,,
16001,TRUE,沙漠中的对视,两军在沙漠边缘相遇。一边是你浩浩荡荡的三千联军，一边是班超那精干冷峻的三十六骑。风沙吹过，旌旗猎猎。你看到了那个传说中的男人。他不像你这样满身血污，他看起来像个书生，但眼神比刀还利。这是‘武’与‘智’的对视。,下马相迎：英雄惜英雄,,,,,马上抱拳：保持傲气,,,,,
16002,TRUE,帐中夜话,当晚，大帐内灯火通明。你和班超抵足而眠。你们交换了情报。你讲了疏勒城的吃人地狱，他讲了斩杀匈奴使者的雷霆手段。你们发现，虽然手段不同，但你们流着一样的血，有着一样的疯劲。‘耿兄，’班超指着地图，‘匈奴人主力在北，我们合兵一处，可吞天下。’,歃血为盟：结拜兄弟,,,,,各自为战：互为犄角,,,,,
16003,FALSE,试探性的切磋,你的手下和班超的手下有些不服气。你的人觉得对方人少是软脚虾，对方觉得你们人多是乌合之众。一场比武不可避免。这是军人的交流方式。拳头硬的才有话语权。,派出精锐：展示武力,,,,,亲自下场：震慑全场,,,,,
16004,TRUE,智囊的加入,班超不仅带来了三十六个杀手，还带来了整个南道的情报网和外交关系。你的地图瞬间被点亮了。哪里有水源，哪里有埋伏，哪里有匈奴的粮仓，一清二楚。这就像是给你的大军装上了眼睛。,整合情报：更新地图,,,,,专注于军事：你主谋我主战,,,,,
16005,TRUE,三十六国的檄文,班超提议，与其一个个打，不如发布檄文，号召西域共抗匈奴。他负责写（他是投笔从戎的文人），你负责展示武力。这篇檄文将是压垮匈奴统治的最后一根稻草。,发布檄文：天下响应,,,,,武力威胁：不从者死,,,,,
16006,FALSE,匈奴的离间计,右贤王急了。他派人散布谣言，说班超想吞并你的军队，或者说你想独吞功劳。低级的离间计。但在权力面前，人心是脆弱的。你需要展示绝对的信任，或者……留个心眼？,当众烧毁信件：绝对信任,,,,,暗中调查：防人之心,,,,,
16007,TRUE,资源整合,你的大军需要粮草，班超的精锐需要装备。这是完美的互补。你用抢来的黄金武装了班超的三十六骑，把他们变成了重装特种兵。班超用外交手段为你筹集了足够吃一年的粮草。这就是‘双雄’的含金量。,全军换装：鸟枪换炮,,,,,储备粮草：深挖洞广积粮,,,,,
16008,FALSE,遭遇战：左贤王的突袭,北匈奴左贤王（不是右贤王，是另一路援军）试图趁你们立足未稳发动突袭。他以为你们还在磨合期。但他错了。你负责正面硬抗，班超负责侧翼偷袭。这是一场教科书式的歼灭战。,正面冲锋：吸引火力,,,,,防守反击：稳扎稳打,,,,,
16009,TRUE,战后分赃,击败左贤王后，缴获无数。战马、牛羊、俘虏。如何分配战利品考验着这个新联盟的稳固性。班超表示他只需要马匹，不要财物。这个男人，他的野心比黄金大得多。,按需分配：马归班超钱归我,,,,,平分战利品：公平公正,,,,,
16010,TRUE,决战前的沙盘,大帐内，你们推演着最后的决战。目标：天山北麓，右贤王的主力大营。班超指出了敌军的死穴――水源和单于庭的支援路线。你看着沙盘，感觉自己不再是一个人在战斗。这种有靠山的感觉，真好。,采纳班超计策：断水断粮,,,,,坚持正面决战：一力降十会,,,,,
16011,TRUE,出师表,大军集结完毕。五千联军，加上班超的特种部队。旌旗遮天蔽日。你们向北进发，去迎接最后的命运。班超骑马走在你身边，笑着说：‘耿兄，此战之后，我们要么名垂青史，要么遗臭万年。’你拔出刀：‘只要赢了，史书就是我们写的。’,进军：目标右贤王！,,,,,最后整备：确保万无一失,,,,,
17000,TRUE,墨水与鲜血,班超磨好了墨。你们需要写一篇檄文，宣告右贤王的罪状，并号召全西域起兵。这不仅仅是文字，这是魔法。它能把怯懦的农夫变成愤怒的战士。你看着白纸，思考着是用‘大义’来感召，还是用‘利益’来诱惑。,诉诸大义：犯强汉者虽远必诛,,,,,诉诸利益：匈奴的牛羊归你们,,,,,
17001,TRUE,万人的胃袋,五千张嘴。每天消耗的粮食是一个天文数字。你的粮官看着账本，头发都愁白了。‘将军，再这样吃下去，还没打仗我们就破产了。’后勤是战争的血液。你必须解决血液循环的问题，哪怕是用非常手段。,向各国征粮：战争税,,,,,发行战争债券：许诺战后偿还,,,,,
17002,FALSE,铁匠的日夜,营地里的打铁声彻夜未停。工匠们在把从龟兹武库里抢来的废铁融化，铸造箭头。空气中弥漫着硫磺和焦炭的味道。这是一种工业的美感。每一支打造出来的箭，都是射向右贤王眉心的一句脏话。,提升工艺：生产穿甲箭,,,,,批量生产：追求数量,,,,,
17003,TRUE,盟友的争吵,莎车国的将军和龟兹国的将军打起来了。为了争夺右翼的指挥权，也为了旧日的恩怨。这个庞大的联盟就像一个装满火药的桶，甚至不需要匈奴人，一点火星就能自己炸开。你是这里的最高裁决者。,武力镇压：都听我的,,,,,调解纠纷：分而治之,,,,,
17004,FALSE,潜伏的影子,抓到了一个奸细。他在水井里投毒未遂。审讯得知，他是右贤王的死士，而且在联军高层有接头人。恐惧像病毒一样蔓延。每个人都在看身边的人：你是叛徒吗？你需要用一场雷霆行动来清除毒瘤。,宁可错杀：清洗可疑军官,,,,,引蛇出洞：散布假情报,,,,,
17005,TRUE,祭旗的牺牲,战前需要祭旗。按照古老的传统，需要杀生。牛？羊？还是……那些冥顽不灵的匈奴俘虏？士兵们渴望看到血，这能缓解他们对死亡的恐惧。这是一种原始的心理治疗。,斩杀匈奴百夫长：血祭,,,,,打破迷信：只拜汉旗,,,,,
17006,TRUE,诸葛连弩（伪）,班超带来的工匠改良了弩机。虽然达不到传说中的连发，但射速提高了一倍。这是科技的碾压。你抚摸着新式的扳机，想象着匈奴骑兵冲锋时撞上箭雨的画面。那将是一场屠杀，而非战斗。,全面换装：列装新弩,,,,,只装备精锐：特种作战,,,,,
17007,TRUE,家书抵万金,决战前夜。营地里很安静。士兵们在写遗书，或者对着月亮发呆。你想起了洛阳。如果这次赢了，就能回家。如果输了，这里就是坟墓。你拿出一块木简，想写点什么，但最后只刻下了四个字：‘幸不辱命’。,烧掉木简：背水一战,,,,,留给郑众：作为遗言,,,,,
17008,FALSE,萨满的诅咒,右贤王派来了萨满。他们在两军阵前跳大神，诅咒汉军。怪异的鼓声和惨叫声让人心烦意乱。士兵们开始窃窃私语，说看到了恶灵。这不仅仅是迷信，这是心理战。,命令神射手射杀萨满,,,,,请出随军高僧/道士：斗法,,,,,
17009,TRUE,最后的地图推演,你和班超站在巨大的沙盘前。地形：天山北麓平原。敌军：三万精骑。我军：五千联军+特种部队。胜负手在于能否将敌军引入预设的‘死亡口袋’。你的手指在地图上划过，仿佛划开了敌人的咽喉。,选择平原决战：硬碰硬,,,,,选择河滩布阵：半渡而击,,,,,
17010,TRUE,全军出击,号角吹响了。五千人的脚步声让大地颤抖。旌旗遮天蔽日。你骑在汗血马上，走在最前列。身后是你的兄弟、你的盟友、你的士兵。这一刻，你不是一个人，你是历史洪流的一部分。去吧，去把那个旧时代碾碎。,拔剑怒吼：汉军威武！,,,,,沉默挥手：杀,,,,,
17011,TRUE,天意（风向）,两军对圆。风向突然变了。原本逆风的汉军，现在处于上风口。这是天意？还是巧合？不管是什么，这意味着你们的箭能射得更远，而敌人的箭会因为风阻而疲软。老天爷都想让右贤王死。,借风纵火：火攻,,,,,利用风势射击：箭雨,,,,,
18000,TRUE,猎人的陷阱,天山北麓地形复杂。班超指着地图上的一处喇叭口地形――‘黑风口’。这里两山夹一沟，是天然的伏击圈。但问题是，右贤王不是傻子，他不会自己钻进去。你需要一个诱饵。一个看起来很美味、很脆弱的诱饵。,我亲自做诱饵：只有我能引他疯,,,,,派副官佯败：保留主将体力,,,,,
18001,FALSE,演技的考验,前锋接触。你带领一千人迎战右贤王的三万先锋。这不是为了赢，是为了输。而且要输得像真的。丢盔弃甲，狼狈逃窜。你的士兵们还在犹豫，他们习惯了赢。你大喊：‘跑！往死里跑！扔掉旗帜！’,丢弃旌旗：制造溃败假象,,,,,且战且退：保持阵型,,,,,
18002,TRUE,贪婪的代价,路上，你让人故意撒落一些抢来的金银珠宝。匈奴骑兵看到了地上的黄金，眼睛直了。原本整齐的追击阵型开始散乱。有人下马捡钱，有人互相争抢。这就是人性。贪婪比马刀更能迟滞军队。,撒币：用钱买命,,,,,不舍得：带钱跑,,,,,
18003,FALSE,狭路相逢,撤退途中，一支匈奴侧翼部队试图包抄。如果被他们截住，假戏就成真了。必须要在两分钟内解决战斗，不能纠缠。快，准，狠。,特种部队突袭：瞬杀,,,,,正面硬冲：拼刺刀,,,,,
18004,TRUE,水源的赌注,你们撤退到了预定的水源地。班超建议在这里投毒，或者把水搅浑，逼迫匈奴人继续追击寻找水源。但这也会断了我们自己的后路。这是一把双刃剑。,投毒（泻药）：削弱敌军,,,,,填埋水井：坚壁清野,,,,,
18005,TRUE,夜营的空城计,晚上，你们在营地里留下了大量的篝火和羊只，人却悄悄撤到了山上。右贤王的大军杀到，对着空营地一顿乱箭。发现上当后，他的怒火值达到了顶峰。愤怒会让人失去理智，这正是你想要的。,嘲讽：在山上吹角,,,,,静默：等待黎明,,,,,
18006,FALSE,黑风口的黎明,终于，你把这头疯牛引到了黑风口。两侧的山崖上，埋伏着四千联军和所有的滚木石。你站在谷底的尽头，勒马回身。右贤王的三万大军挤在狭窄的山谷里，像沙丁鱼罐头。他看到了你嘴角的冷笑。陷阱闭合。,发射信号：关门！,,,,,等待更多敌军进入：贪心,,,,,
18007,TRUE,滚木与石,这是物理学的胜利。巨大的原木和石块从山顶滚落，借着重力势能，把匈奴引以为傲的重骑兵砸成了肉泥。惨叫声在山谷里回荡。这不再是战斗，这是单方面的收割。,全力投掷：不留库存,,,,,保留一半：防止反扑,,,,,
18008,FALSE,困兽之斗,右贤王虽然中伏，但他的亲卫队依然强悍。他们试图组织反冲锋，攀爬山崖。困兽是最危险的。你必须按住这股反扑的势头，否则猎人会变成猎物。,弓弩压制：射回去,,,,,近战肉搏：把他踹下去,,,,,
18009,TRUE,心理防线崩溃,山谷里堆满了尸体。匈奴人开始恐惧了。他们信奉的长生天没有保佑他们。你让人在山顶齐声高喊：‘降者不杀！’声音在山谷回响，震慑人心。,攻心：四面楚歌,,,,,继续攻击：不需要俘虏,,,,,
18010,TRUE,右贤王的突围,乱军之中，右贤王带着最精锐的几百骑，硬生生杀出了一条血路，冲出了包围圈。不愧是草原霸主。但他的主力已经完了。现在的他，是一只受伤的老虎。决战的时刻到了。,追击：不死不休,,,,,休整片刻：穷寇莫追,,,,,
18011,TRUE,战前动员（决战篇）,既然他跑了，那就追到天边。你看着身边浑身浴血的兄弟们。‘兄弟们，右贤王就在前面。他的头颅值万金，他的马鞭归我。谁敢跟我去拿？’全军发出雷鸣般的吼声。,全军突击：决战,,,,,分配任务：班超包抄,,,,,
19000,FALSE,黑色的海洋,你们追上了。在一片开阔的戈壁滩上，右贤王收拢了残部，背水一战。虽然主力受损，但他身边依然有数千名最狂热的死士。他坐在战车上，眼神像要把你生吞活剥。空气凝固了。,先发制人：弩阵齐射,,,,,稳住阵脚：待敌来攻,,,,,
19001,FALSE,死士的冲锋,这些匈奴人知道自己跑不掉了。他们把自己绑在马上，发起了自杀式冲锋。没有任何战术，就是撞。这种疯狂的打法让联军阵脚松动。必须顶住这最后一口气！,结圆阵：龟缩防御,,,,,对冲：比他们更疯,,,,,
19002,FALSE,班超的幽灵,（如果完成了战术包抄）就在战线胶着之时，匈奴侧翼突然大乱。班超带着他的特种部队，不知何时摸到了右贤王的侧后方。火光冲天。匈奴人慌了。‘机会！’,全线反击：压上去！,,,,,配合班超：夹击,,,,,
19003,FALSE,战车的碾压,右贤王亲自驾驶着巨大的青铜战车冲入战场。战车轮轴上装有利刃，所过之处，断肢横飞。他像是一台绞肉机。普通士兵根本无法近身。必须有人去阻止这个怪物。,派出敢死队：炸毁车轮,,,,,亲自拦截：王对王,,,,,
19004,FALSE,单挑：第一回合,你和右贤王在乱军中对峙。他很高大，戴着狰狞的鬼面具。手里的弯刀足有门板宽。‘汉狗！’他咆哮着，一刀劈下。这一刀带着风雷之声。你的虎口震裂了。这家伙的力量是非人类的。,格挡：寻找破绽,,,,,闪避：攻其下盘,,,,,
19005,FALSE,单挑：第二回合,右贤王摘下了面具。他的脸上有道疤，那是当年霍去病留下的。‘你们汉人就像蟑螂，杀不绝！’他越打越狂暴。但你发现他在喘息。他老了。而你，是从地狱里爬出来的恶鬼，你不知疲倦。,言语激怒：攻心,,,,,以伤换伤：同归于尽的打法,,,,,
19006,FALSE,致命一击,右贤王的刀卡在了你的肩甲里。这是最后的机会。你离他的喉咙只有三寸。时间仿佛静止了。你听到了风声，听到了疏勒城死难者的哭声。这把刀，是为了他们捅的。,刺入喉咙：死吧！,,,,,斩断手臂：废了他,,,,,
19007,TRUE,大纛倒下,右贤王的金狼大纛（军旗）缓缓倒下。战场瞬间安静了一秒。紧接着，汉军爆发出了惊天动地的欢呼声。匈奴人崩溃了。他们像退潮一样溃逃。这次，他们不再是不可战胜的噩梦，他们只是丧家之犬。,追亡逐北：一个不留,,,,,收兵：穷寇莫追,,,,,
19008,TRUE,战场上的夕阳,太阳落山了。战场上尸横遍野。红色的血把戈壁滩染成了紫色。你坐在右贤王的战车上，浑身脱力。班超策马走来，丢给你一袋酒。‘结束了，耿兄。’是的，结束了。不仅是这场仗，还有大汉百年的边患。,痛饮：祭奠英灵,,,,,沉默：太累了,,,,,
19009,TRUE,这一拜,你走过战场。幸存的士兵、受伤的盟友、甚至投降的匈奴人，纷纷向你下跪。不是因为军令，是因为敬畏。你用三百人起家，翻越天山，荡平西域，斩杀右贤王。这是神话。你看着他们，只觉得自己是个凡人。,扶起士兵：我们是兄弟,,,,,享受荣光：这是我应得的,,,,,
19010,TRUE,最好的战利品,士兵们在清理战场，找到了右贤王的宝库。金银珠宝堆积如山。但对你来说，最有价值的是那张【西域全图】和右贤王的【金印】。有了这些，大汉对西域的统治将固若金汤。,收取地图和金印：为了大汉,,,,,分发财宝：为了兄弟,,,,,
19011,TRUE,最后的命令,战场打扫完毕。西域已定。摆在你面前的只有一条路：向东。回家。带着胜利，带着荣耀，带着这支无敌的军队，回洛阳。去告诉天子，告诉百姓，告诉那些死在路上的兄弟：我们赢了。,班师回朝：目标洛阳,,,,,驻守西域：做这里的王？,,,,,
20000,TRUE,没有号角的一天,你醒了。不是被号角声惊醒，而是被驼铃声。右贤王死后，西域的早晨变得异常安静。你走出大帐，看到士兵们不再擦拭刀剑，而是在帮当地的农民修补灌溉渠。那只曾经用来杀人的手，现在握着锄头。这比任何胜利都让你感到踏实。,加入劳作：卸甲归田,,,,,静静旁观：享受和平,,,,,
20001,TRUE,铸剑为犁,成堆的匈奴弯刀和破损的甲胄被送进了熔炉。铁匠问你打算铸什么。你想起了疏勒城外那片荒芜的土地。‘铸犁。’你说，‘铸镰刀。’铁水奔流，那是战争的尸体变成了生活的骨架。你意识到，你正在从一个破坏者变成一个建设者。,监督铸造：确保质量,,,,,保留部分兵器：居安思危,,,,,
20002,TRUE,丝路的重生,商队回来了。来自长安的丝绸，来自罗马的玻璃，在龟兹的集市上交汇。你的军营变成了临时的交易所。商人们向你行礼，因为是你打通了这条断绝了六十年的黄金之路。你闻着香料的味道，觉得这就是你战斗的意义。,设立关税：充实军饷,,,,,免税一年：繁荣丝路,,,,,
20003,TRUE,老妇人的蓝布,一个于阗的老妇人拦住了你的马。她手里拿着一块蓝色的土布，那是她亲手织的。‘将军，’她用生硬的汉话说，‘我儿子被匈奴人杀了。谢谢你帮我报了仇。’她把布塞进你手里，那是世界上最廉价也最昂贵的礼物。你手里的金印此刻显得黯淡无光。,收下土布：披在身上,,,,,回赠黄金：照顾生活,,,,,
20004,TRUE,十里长亭（西域版）,班师回朝的日子到了。你以为会是悄悄离开。但当你走出城门，你愣住了。道路两旁跪满了人。龟兹人、于阗人、疏勒人……他们端着奶酒，捧着哈密瓜。没有官方的组织，这是民意。绵延十里，哭声震天。他们不想让你走。,喝下践行酒：一饮而尽,,,,,挥泪告别：承诺再来,,,,,
20005,TRUE,重走来时路,大军东归。你们再次经过了天山脚下，经过了金蒲城，经过了柳中。一年前，你们像丧家之犬一样在这里逃命，吃草根，喝雪水。现在，旌旗蔽日，马蹄声碎。你看着那些熟悉的战场，仿佛看到了死去的兄弟在向你敬礼。‘我们回来了。’,祭拜英灵：安息吧,,,,,高歌而过：凯旋,,,,,
20006,TRUE,玉门关的迎接,玉门关就在眼前。这一次，不用砸门。关门大开。郑众中郎将率领边关守军列队欢迎。当他们看到你身后那支混合了汉军、西域联军、甚至匈奴降兵的庞大军团时，所有人都惊呆了。你不仅带回了人，你带回了整个西域。,展示右贤王金印：震慑,,,,,拥抱郑众：我做到了,,,,,
20007,TRUE,洛阳的尘土,几个月后，抵达洛阳。繁华的街道，喧闹的人群，精致的丝绸衣服。这里的一切都那么柔软，那么香甜。但你感到不适。你走路时手总按着刀柄，你觉得周围的人太吵，你觉得这里的酒没有味道。你得了‘和平病’。,保持警惕：无法放松,,,,,尝试融入：享受生活,,,,,
20008,TRUE,朝堂之上,金銮殿。你穿着不合身的朝服，跪在天子面前。周围的公卿大臣们用好奇且挑剔的眼光打量着你。他们谈论着礼仪、文章和祥瑞。而你满脑子都是戈壁的如血残阳和战马的嘶鸣。这里是权力的中心，但你觉得这里比天山还要冷。,呈上地图：西域已定,,,,,讲述战况：直言不讳,,,,,
20009,TRUE,封侯拜相,圣旨读了很长。你被封为列侯，食邑千户，赐宅邸、黄金、美妾。这是所有军人梦寐以求的终点。你可以留在洛阳，做一个富家翁，在温柔乡里度过余生。班超在旁边看着你，他的眼神里有一种懂得。,谢主隆恩：接受封赏,,,,,叩头请辞：臣有话说,,,,,
20010,TRUE,真正的请求,‘陛下，’你抬起头，直视天子。‘臣在西域见过了天地之大。胡虏虽平，但西域初定，人心未稳。臣不愿在洛阳享福，愿请命复回西域。做大汉的屏障，做丝路的更夫。’大殿上一片死寂。疯子。他们心里想。只有你自己知道，你是认真的。,坚持留守：我是西域的王,,,,,接受挽留：留在兵部任职,,,,,
20011,TRUE,最后的背影,（结局：西域守护者）你拒绝了洛阳的繁华。你骑着那匹老马，带着你的老弟兄，再次走出了玉门关。夕阳把你的影子拉得很长。你没有回头。你知道，洛阳是家，但西域是你的命。风沙吹过，你仿佛听到了那句誓言：‘汉兵方至，勿得妄动。’:True_Ending,0,,,,,无,,,,,
